sample,pred_volume_vox,gt_volume_vox,volume_error_rel,pred_centerline_vox,gt_skeleton_vox,pred_length_approx,gt_length_graph,gt_length_skeleton,gt_length_final,length_error_rel,pred_diam_mean,pred_diam_median,pred_diam_std,pred_diam_count,gt_diam_mean,gt_diam_median,gt_diam_std,gt_diam_count,diam_mean_error_rel,diam_median_error_rel
sample_000,48949,45880,0.06689189189189189,2512,4093,5528.30857049333,3093.061912417412,9831.203083153248,3093.061912417412,0.7873255456993514,4.233431452653508,4.0,0.6923380829004891,2512,4.227297946814363,3.8584389686584473,0.9864306523654024,4093,0.001450928209062503,0.03668867966849623
sample_001,89077,68581,0.29885828436447415,5531,10356,10377.319938162878,7752.989645123482,25348.66830060596,7752.989645123482,0.33849268645548397,3.8339508536026563,3.4641016151377544,0.5205660336137764,5531,3.2618821351028124,3.0380043983459473,0.863144566389813,10356,0.17537994777417446,0.14025562866985886
sample_002,15878,12464,0.27390885750962773,1080,1729,2694.6908865537575,1328.1343377828598,4032.7312493479462,1328.1343377828598,1.0289294613466426,3.862782897713608,4.0,0.44013986407285205,1080,3.3554857091589287,3.175304889678955,0.8050449838426273,1729,0.1511844282841056,0.2597215508348955
sample_003,54633,44457,0.2288953370672785,3528,6362,7134.731026678136,4843.149968862534,15137.54863152244,4843.149968862534,0.4731592192165392,3.8824533564980213,4.0,0.5336970850662234,3528,3.331626654420773,3.0645480155944824,0.865336463126062,6362,0.16533266155328358,0.30524957665708236
sample_004,13334,11425,0.16708971553610502,644,1345,1060.6470319188893,992.5055605173111,3415.368960543511,992.5055605173111,0.06865600971148382,3.9449189459033938,4.0,0.6076936143205689,644,3.7004192286707656,3.6256556510925293,0.9301706388972487,1345,0.06607351819443857,0.1032487320726855
sample_005,85522,63457,0.3477157760373166,5758,11164,10560.861744908229,8331.976907610893,27505.795597201497,8331.976907610893,0.2675097233240466,3.7382489515376447,3.4641016151377544,0.4956915662795504,5758,2.9940984597004516,2.597064971923828,0.9153280439300882,11164,0.24853908508795083,0.3338525037252539
sample_006,57192,36811,0.553666023742903,4612,8152,10104.83264144527,6031.595431923866,20639.07008697946,6031.595431923866,0.6753167143742239,3.642667231545445,3.4641016151377544,0.35805037581519095,4612,2.73384494496047,2.5044150352478027,0.5665703458789627,8152,0.33243373522711483,0.38319789906348095
sample_007,70026,49052,0.42758705047704476,4990,8788,10461.840914292346,6657.244387984276,21126.215398790264,6657.244387984276,0.5714971998286593,3.7499871557083315,3.4641016151377544,0.4721938939731204,4990,2.9553189582861603,2.4884440898895264,0.8365610338680948,8788,0.2688942238177272,0.3920753249841117
sample_008,51699,33602,0.5385691327897149,3832,7027,7431.7487792042675,5293.0414081811905,17322.738389294078,5293.0414081811905,0.40406020019367006,3.707800016066276,3.4641016151377544,0.3692596004844699,3832,2.7975893682583273,2.4618141651153564,0.6055733546946227,7027,0.32535534275875927,0.40713367573601256
sample_009,40008,31492,0.270417883907024,2438,4409,5037.400860825654,3259.890819787979,10980.631861002688,3259.890819787979,0.5452667402993829,3.8634029525083964,4.0,0.5021278649419995,2438,3.412879200797147,3.1062512397766113,0.8358716792214325,4409,0.13200694346463254,0.2877258441875627
sample_010,58459,43562,0.34197236123226665,4055,6969,8201.935084669967,5158.298879623413,17424.032317833513,5158.298879623413,0.5900465010024308,3.8188789562433945,3.4641016151377544,0.4872082740179998,4055,3.141241786845669,2.9158549308776855,0.9189035416044528,6969,0.2157227031155046,0.1880226202114397
sample_011,21166,16593,0.27559814379557646,1353,2392,2675.1231771589564,1827.9553961753845,5425.305911752752,1827.9553961753845,0.4634510134963325,3.904526987601581,4.0,0.4150416155431709,1353,3.3100998116576155,3.0589892864227295,0.7689675520271831,2392,0.17957983437553546,0.3076214479579677
sample_012,22686,22385,0.013446504355595265,1104,2075,2398.61418605382,1532.2815039157867,5272.843105794959,1532.2815039157867,0.5653874173408063,4.127124034287835,4.0,0.5609574783887129,1104,4.2490959021556804,4.386756420135498,0.7667775334583475,2075,0.028705369489534425,0.08816455328138596
sample_013,47596,38042,0.2511434730035224,3417,5504,7403.508450932665,4157.457659125328,13117.41258743282,4157.457659125328,0.7807778353875675,3.8262670207203024,4.0,0.4519747923568937,3417,3.3208230406825625,3.169645309448242,0.8186382159510647,5504,0.1522044306021952,0.2619708546178949
sample_014,103709,74828,0.3859651467365157,7353,13039,15524.847121140427,9631.665900588036,33136.01971828531,9631.665900588036,0.6118548215208128,3.7623474064586997,3.4641016151377544,0.4975648404813948,7353,3.049119804889039,2.6513941287994385,0.8571406165820781,13039,0.23391261977507496,0.30652081390340596
sample_015,67516,48390,0.3952469518495557,4564,8155,9015.007561591134,6219.176850914955,18855.321523520764,6219.176850914955,0.4495499609831582,3.7868023773610155,3.4641016151377544,0.4061380157706873,4564,3.0818086917088996,2.7750744819641113,0.7034192908250004,8155,0.22875971748304355,0.24829140178103296
sample_016,26577,23386,0.1364491576156675,1454,2649,2400.5679427903515,1976.5537719726562,6440.609500849158,1976.5537719726562,0.21452195069528374,4.016473374334927,4.0,0.5003349186122018,1454,3.78553541303356,3.5705201625823975,0.8915153027561505,2649,0.06100536280977582,0.12028494949233923
sample_017,101308,71996,0.4071337296516473,7608,12706,16739.199994873637,9503.232309699059,31437.88936499998,9503.232309699059,0.7614217404524043,3.7315651833866825,3.4641016151377544,0.4136544824148701,7608,3.015488806360822,2.6632273197174072,0.7955655192370292,12706,0.23746610351044276,0.3007157104055719
sample_018,26141,23581,0.1085619778635342,1461,2571,3373.6776184086143,1881.8547267913818,6676.771732085993,1881.8547267913818,0.7927407309281704,4.000599698796518,4.0,0.5665741731299876,1461,3.9134884188491426,3.6246259212493896,0.8987525762098226,2571,0.02225924050977323,0.1035621570077005
sample_019,110786,85821,0.2908961676046655,7250,13561,14395.630443999135,10200.05211675167,33140.190923435825,10200.05211675167,0.41132910687358293,3.8298868326102578,3.4641016151377544,0.5773613770797253,7250,3.1140335731367106,2.6261894702911377,1.0269026310774574,13561,0.2298797500607808,0.3190600504363938
sample_020,45077,39315,0.14655983721225996,2496,4049,6229.519486177923,3094.441925883293,9488.319677360687,3094.441925883293,1.0131318135497849,4.098891091380565,4.0,0.6126776250876816,2496,3.903599237565436,3.70464825630188,1.0233253881320374,4049,0.05002866378694329,0.07972463868754746
sample_021,109084,82376,0.3242206467903273,7391,13517,14168.362902066085,10170.082329392433,32961.64652860268,10170.082329392433,0.3931414164778459,3.8174727474392514,3.4641016151377544,0.4702244101251234,7391,3.122965630760399,2.799578905105591,0.8428766098881773,13517,0.22238705089743485,0.23736523690054737
sample_022,28114,16695,0.6839772386942198,2035,3542,3686.622710393433,2652.8776178359985,8753.342060724839,2652.8776178359985,0.38966934833604555,3.664798115806879,3.4641016151377544,0.46097506832972523,2035,2.7501997123795805,2.4557526111602783,0.709043032574609,3542,0.3325570864218992,0.4106069151245075
sample_023,33630,25196,0.3347356723289411,2299,4200,5341.909793814714,3135.673560142517,10557.168286105785,3135.673560142517,0.7035924471589202,3.8058425579192967,3.4641016151377544,0.5075669318577712,2299,3.0710758330140795,2.4682395458221436,0.8983316604347392,4200,0.23925385267484167,0.40347059141858943
sample_024,58213,53632,0.08541542362768496,2888,5191,5671.018764655073,3930.9986448287964,12351.749466369853,3930.9986448287964,0.4426407325566652,4.204701072458149,4.0,0.8071640614009152,2888,3.9814981993533953,3.8920950889587402,1.1963791521991465,5191,0.0560600211098933,0.02772411993411183
sample_025,17808,15948,0.11662904439428141,1000,1616,2295.4899712595343,1219.8759860992432,3893.65065905777,1219.8759860992432,0.8817404370748753,4.1247196608659,4.0,0.7257325397598655,1000,3.8874633260587657,3.9517712593078613,1.0671182003735575,1616,0.06103114419542884,0.012204335101264379
sample_026,82913,64440,0.2866697703289882,5148,9481,9878.000492833618,7047.9279816150665,23800.370760728943,7047.9279816150665,0.4015467409146294,3.8275502759486746,3.4641016151377544,0.6012602570769487,5148,3.2856775502994613,2.84566330909729,1.002505268304862,9481,0.16491962992528778,0.21732659097911594
sample_027,45292,37243,0.21612115028327472,2768,4970,5788.963908711026,3714.8794256448746,12290.31488474886,3714.8794256448746,0.5583181162619044,3.9146978665149077,4.0,0.49593332460981704,2768,3.4814004825634255,3.2923989295959473,0.9175378453986938,4970,0.12446065487772799,0.2149196028595756
sample_028,72204,52118,0.38539468130012666,4659,8711,8392.659904015005,6663.171960353851,20375.87605682264,6663.171960353851,0.2595592540537267,3.8539453590393817,4.0,0.5067399317406789,4659,3.0444506096820745,2.5901613235473633,0.9145974896860781,8711,0.2658918974684372,0.5443053541243477
sample_029,40946,31067,0.31799015032027556,2603,4572,5018.641887383653,3435.711744070053,11358.694993020586,3435.711744070053,0.46072844907483723,3.8792724872662054,3.4641016151377544,0.6060555780619903,2603,3.2227859351057186,2.5953750610351562,1.059467368736735,4572,0.20370156919496166,0.3347210070501755
sample_030,75277,48802,0.5424982582681037,5457,9774,10426.54755245234,7338.1751428842545,24002.16475808438,7338.1751428842545,0.42086381824272023,3.6969702345001934,3.4641016151377544,0.4088016635010559,5457,2.8421059640999924,2.5597550868988037,0.7081796620909987,9774,0.30078550244023367,0.3532941619561679
sample_031,27533,24821,0.10926231819829983,1638,2919,2934.2166376446853,2205.057384967804,6978.285341939267,2205.057384967804,0.3306758625184386,3.9657151379264333,4.0,0.5476910367014948,1638,3.6651654236118203,3.6217212677001953,1.0472075446531015,2919,0.08200167784471721,0.10444722394112148
sample_032,86089,70917,0.21394023999887193,5476,10108,10959.43199962961,7500.793281555176,25398.76605532298,7500.793281555176,0.46110305780315264,3.874636234159225,4.0,0.5367901370063641,5476,3.3349529261828694,3.066537857055664,0.9969557674735804,10108,0.16182636454604113,0.30440261508481736
sample_033,51193,40072,0.27752545418247154,3115,6017,5869.464381968117,4463.620972275734,15147.159751091858,4463.620972275734,0.31495582138902517,3.8362225792266016,3.4641016151377544,0.5936473611544789,3115,3.2494997800297964,2.8499937057495117,0.953352705557462,6017,0.18055788241703624,0.21547693531720982
sample_034,47566,32081,0.4826844549733487,3564,6049,6954.754050212567,4584.632465481758,14152.293279633495,4584.632465481758,0.5169709028097095,3.7684061274583995,3.4641016151377544,0.5200920398491657,3564,2.8545798050074325,2.5025901794433594,0.8501741462391628,6049,0.3201263880757356,0.38420650875736273
sample_035,88303,63960,0.3805972482801751,5881,11027,10877.669387443306,8267.95126247406,26816.30469522917,8267.95126247406,0.31564265948373854,3.796161743588958,3.4641016151377544,0.48191692928448965,5881,3.0323046075797224,2.589306116104126,0.8615665841317485,11027,0.2519064654981741,0.3378493927747126
sample_036,32714,27599,0.1853328019131128,1677,3037,3159.1475577316055,2293.937875509262,7189.948125948921,2293.937875509262,0.3771722379492356,4.176325877453814,4.0,0.7153953713874983,1677,3.7460912457806206,3.403041362762451,1.2215276376255613,3037,0.11484894612692219,0.17541915410424574
sample_037,29741,24274,0.22522040042844196,1592,3119,2561.9203139471115,2329.4553617239,7606.935295734601,2329.4553617239,0.09979369256991355,3.9886561899839448,4.0,0.6241928972498283,1592,3.4785660443760027,3.1498961448669434,1.1086982536447239,3119,0.14663805116842157,0.2698831377403925
sample_038,44100,35325,0.2484076433121019,2657,5209,5337.478961125238,3874.263510107994,13038.084091492114,3874.263510107994,0.3776757691364306,3.8259460317812337,3.4641016151377544,0.5699797313517857,2657,3.257540737010394,2.7399837970733643,1.0079281385715888,5209,0.17448908261159404,0.26427813873857064
sample_039,16037,13462,0.19127915614321794,900,1681,1896.775847326371,1246.6641581058502,4266.47664826302,1246.6641581058502,0.5214810139470792,3.930816787568482,4.0,0.6126549185605776,900,3.5764740483523974,3.3031270503997803,1.0730151224248383,1681,0.09907599899384775,0.21097370430116413
sample_040,15537,12429,0.25006034274680183,868,1445,1653.4220242988642,1115.7965173721313,3245.6454703454174,1115.7965173721313,0.48183113906191594,4.109657241337604,4.0,0.7590488434480581,868,3.5732291969048524,2.942664861679077,1.1444270155990262,1445,0.15012416357098157,0.3593121160653035
sample_041,32440,20816,0.5584166026133743,2403,4112,4758.681873143399,3084.5980056524277,10142.255547204064,3084.5980056524277,0.5427235135415589,3.710159066021871,3.4641016151377544,0.4625066276688434,2403,2.847853574481456,2.5717010498046875,0.6948841246411644,4112,0.3027913721643592,0.34700789401662446
sample_042,31992,24118,0.3264781491002571,1980,3767,3521.219483270071,2800.1944741010666,9392.5759999438,2800.1944741010666,0.2574910477960542,3.8609632070265714,3.4641016151377544,0.5337436706006796,1980,3.1807315871732635,2.7618207931518555,0.9947951254720722,3767,0.21386011400535498,0.25428182151689843
sample_043,35073,29060,0.20691672401927047,2187,3633,4611.43152308182,2705.1581671237946,8808.604965328363,2705.1581671237946,0.7046809236980153,3.9887545030346105,4.0,0.5495455345875605,2187,3.581686715859209,3.670778751373291,1.0160175670646359,3633,0.11365253844591208,0.08968703126102127
sample_044,35289,28218,0.2505847331490538,2016,3478,4056.2576712806344,2650.6942324638367,8021.002822899462,2650.6942324638367,0.5302623824364374,4.009344964678638,4.0,0.5199913936250783,2016,3.567258981331249,3.6720123291015625,0.9898263443855612,3478,0.12392876033419051,0.0893209612339964
sample_045,41963,36923,0.13650028437559245,2372,4007,5106.886975299993,3004.4342606067657,9687.187006099171,3004.4342606067657,0.6997832311593406,4.111553324895623,4.0,0.6702691930185474,2372,3.793258668182198,3.6906373500823975,1.1127862949817273,4007,0.0839106121033286,0.0838236381883188
sample_046,55167,38983,0.41515532411564016,4052,6880,9378.268892046757,5157.347073435783,16777.872212089496,5157.347073435783,0.818428885725356,3.8171697371358957,4.0,0.3909072590262632,4052,3.0182781174778937,2.7244937419891357,0.6875402520553201,6880,0.26468456138348334,0.4681626675639288
sample_047,31088,29134,0.0670694034461454,1328,2461,2356.749283144878,1835.7961621284485,5960.334415026711,1835.7961621284485,0.2837750354660449,4.3777111643079865,4.0,0.7206801659906045,1328,4.381997586362297,4.090555191040039,1.1241276381827583,2461,0.000978189049590176,0.022137628466275518
sample_048,47502,36142,0.3143157545238227,3047,5345,6004.840520971894,4006.8878680467606,13265.980998340669,4006.8878680467606,0.4986295396130155,3.851818223004707,4.0,0.476963050346202,3047,3.283300894415189,3.0858116149902344,0.9255300659816041,5345,0.17315419660639425,0.29625540994428423
sample_049,63866,45393,0.40695701980481575,4436,7945,8033.901362458835,5927.08115530014,19743.47965390252,5927.08115530014,0.355456615483445,3.7715482767173816,3.4641016151377544,0.5104364090458242,4436,2.9961705108496135,2.5892505645751953,0.8770163918726707,7945,0.2587895992768105,0.3378780958984135
